engine_id,cycle,op_setting_1,op_setting_2,op_setting_3,sensor_1,sensor_2,sensor_3,sensor_4,sensor_5,sensor_6,sensor_7,sensor_8,sensor_9,sensor_10,sensor_11,sensor_12,sensor_13,sensor_14,sensor_15,sensor_16,sensor_17,sensor_18,sensor_19,sensor_20,sensor_21
101,1,-0.0006,-0.0004,100.0006,518.828,641.8493,1588.9556,1405.0237,14.6222,21.608,554.9615,2385.8467,9037.7638,1.3001,47.2884,519.8604,2385.3345,8122.1339,8.4248,0.03,390.8928,2388.7,99.9955,39.0653,23.3533
101,2,-0.0009,-0.0004,99.9988,518.709,641.3833,1588.7946,1398.93,14.6254,21.6099,553.1822,2392.0018,9024.1437,1.3001,47.2836,520.2791,2388.9734,8150.5877,8.4223,0.03,391.7625,2387.2939,99.9856,39.0238,23.4694
101,3,-0.0006,-0.0008,100.0003,518.6301,641.294,1591.7069,1403.5319,14.6227,21.6064,554.0027,2389.6795,9063.9579,1.2999,47.4514,520.5193,2382.3442,8151.6971,8.4422,0.03,392.7827,2388.1727,99.9871,39.0876,23.4917
101,4,-0.0007,-0.0001,99.9974,518.7553,642.2864,1588.8636,1400.9376,14.6142,21.6091,554.7294,2395.1872,9037.0299,1.2998,47.4205,522.64,2389.6588,8129.724,8.4279,0.03,392.7519,2387.6647,99.9934,39.0282,23.3509
101,5,-0.0006,-0.0003,100.0,518.6457,640.3701,1588.5385,1399.764,14.6177,21.6093,554.7671,2397.1743,9049.6821,1.3001,47.4601,519.6966,2387.999,8139.1802,8.4607,0.03,392.2248,2387.9834,99.9766,39.1475,23.4544
101,6,-0.0005,-0.0006,100.0014,518.5246,642.9567,1596.9101,1397.9986,14.6183,21.6104,553.7446,2380.8015,9047.8967,1.2997,47.511,520.7545,2395.5702,8125.2836,8.4136,0.03,391.0188,2388.1086,100.0261,38.932,23.4274
101,7,-0.0006,-0.0002,99.9988,518.533,642.8899,1590.9673,1401.5294,14.621,21.6071,554.5424,2389.6539,9033.8786,1.3005,47.5098,520.4878,2391.3499,8121.9829,8.4322,0.03,391.3353,2388.4601,100.0083,39.121,23.5073
101,8,-0.0008,-0.0006,99.9991,518.5854,642.1387,1591.1918,1401.662,14.6224,21.6101,555.8769,2387.0406,9096.1766,1.3002,47.3821,520.6318,2390.569,8134.0099,8.4308,0.03,391.9161,2387.5956,99.9697,39.0211,23.4581
101,9,-0.0006,-0.0006,100.0002,518.71,641.122,1590.6862,1401.1137,14.6167,21.6115,554.8661,2393.5317,9066.1994,1.2996,47.373,522.3062,2390.7728,8145.8151,8.4835,0.03,392.8576,2388.4556,100.013,39.0305,23.4531
101,10,-0.0009,-0.0004,99.9995,518.6785,645.2506,1584.3568,1402.9407,14.6153,21.608,555.4293,2388.7237,9027.8169,1.2998,47.5251,521.0278,2389.4105,8137.9436,8.4075,0.03,392.458,2387.0328,100.0037,39.0025,23.457
101,11,-0.0009,-0.0004,100.0005,518.7598,640.7582,1589.3317,1399.7596,14.6181,21.6176,554.6474,2382.4556,9064.115,1.3006,47.557,520.2269,2386.125,8157.5809,8.4064,0.03,392.5616,2387.5573,99.9988,38.8,23.3686
101,12,-0.0008,-0.0006,100.0016,518.5216,641.7576,1590.9177,1405.2026,14.6158,21.615,554.1849,2383.8541,9056.0719,1.3001,47.4002,521.9083,2386.6617,8138.5515,8.4292,0.03,390.9768,2389.0187,99.961,39.0403,23.4436
101,13,-0.0006,-0.0005,99.9998,518.6189,641.59,1593.3151,1402.2442,14.618,21.6139,554.4883,2392.4915,9059.3149,1.2998,47.4023,522.6396,2391.4843,8136.0964,8.4199,0.03,391.4761,2388.2613,99.996,39.034,23.467
101,14,-0.0005,-0.0002,100.0013,518.6722,643.2478,1589.744,1402.2344,14.6196,21.6104,554.7803,2384.7713,9086.0009,1.2997,47.3383,523.0937,2392.4202,8146.3171,8.4283,0.03,391.2288,2388.0362,99.9865,39.126,23.4081
101,15,-0.0009,-0.0005,100.0004,518.6115,641.3421,1591.6264,1402.0979,14.6185,21.608,554.3496,2381.8358,9022.91,1.2998,47.4314,522.2363,2395.7583,8149.829,8.4148,0.03,391.1383,2387.9912,99.9942,39.0739,23.3756
101,16,-0.0005,-0.0001,99.9999,518.7117,643.3115,1589.7015,1402.1279,14.62,21.6104,553.206,2388.9445,9057.6226,1.3004,47.5407,524.1859,2385.1225,8149.7676,8.4203,0.03,391.2823,2387.5989,99.988,38.8815,23.3891
101,17,-0.0009,-0.0004,100.0003,518.8646,643.6737,1589.2728,1399.0751,14.6214,21.6043,556.0635,2394.5386,9040.3703,1.2996,47.5761,521.8483,2394.7773,8109.3056,8.4069,0.03,391.9443,2387.785,100.0125,38.9628,23.4064
101,18,-0.0007,-0.0003,100.0007,518.5533,640.5117,1595.3032,1402.617,14.6178,21.6167,554.13,2394.6184,9050.3345,1.3005,47.6121,521.7374,2393.5862,8145.4434,8.4398,0.03,392.4365,2388.5055,99.9648,38.9524,23.3169
101,19,-0.0008,-0.0003,100.0015,518.6777,644.6033,1586.991,1397.0118,14.6198,21.6117,553.9334,2379.1945,9047.7622,1.2997,47.5068,522.4098,2384.5399,8126.2446,8.3987,0.03,392.6384,2387.5292,100.0101,39.0021,23.3746
101,20,-0.0007,-0.0006,99.9994,518.5457,645.0655,1591.6328,1399.9232,14.6206,21.6095,553.6917,2392.0874,9063.3487,1.2999,47.3863,521.7713,2378.12,8109.6069,8.4393,0.03,391.685,2388.2754,100.0062,39.2826,23.4635
101,21,-0.0007,-0.0006,99.9984,518.6911,641.6022,1587.1444,1400.1748,14.6168,21.6173,554.8804,2389.2035,9076.6955,1.3,47.3569,523.6793,2391.7754,8117.0386,8.4128,0.03,390.7866,2388.4423,100.0382,38.9314,23.4367
101,22,-0.0009,-0.0005,99.9994,518.5804,642.6681,1589.1737,1402.8488,14.6199,21.609,552.8619,2386.5765,9063.8698,1.3001,47.3435,522.2265,2392.8799,8106.3921,8.4249,0.03,392.3082,2387.6355,99.9639,38.9121,23.4119
101,23,-0.0006,-0.0006,100.0006,518.4976,642.5539,1588.1182,1400.373,14.6201,21.6063,553.4062,2394.2293,9040.0557,1.3002,47.3266,522.709,2396.2681,8092.9686,8.4021,0.03,391.6916,2388.1773,99.9879,39.0445,23.4016
101,24,-0.0003,-0.0003,100.0003,518.6273,642.0462,1590.7497,1403.4141,14.6188,21.6113,556.0973,2393.6777,9044.8912,1.3003,47.3926,520.0641,2384.6624,8102.3751,8.4093,0.03,393.1549,2388.1561,99.9956,39.101,23.3045
101,25,-0.0006,-0.0002,99.9985,518.7886,643.1416,1590.9644,1404.1944,14.6266,21.6108,554.0343,2387.4192,9035.7173,1.3002,47.3476,522.3001,2387.2918,8140.241,8.4206,0.03,391.4302,2387.8711,99.9804,38.9999,23.425
101,26,-0.0005,-0.0006,100.0009,518.8106,643.273,1598.4151,1400.3694,14.6164,21.6023,555.3798,2392.8366,9050.3969,1.3001,47.3194,524.8129,2390.2884,8133.8352,8.4269,0.03,391.9948,2387.6225,100.0094,39.18,23.4695
101,27,-0.0002,-0.0005,99.999,518.657,642.8495,1596.0934,1397.9134,14.6245,21.6093,553.2091,2384.9774,9021.7781,1.3002,47.4305,520.9518,2383.5859,8126.1911,8.4425,0.03,390.6299,2387.8826,99.9945,38.8207,23.4031
101,28,-0.0008,-0.0003,100.0018,518.7869,642.4691,1589.2662,1409.9824,14.6202,21.6101,553.6162,2390.8594,9049.4286,1.2999,47.369,522.3006,2387.2779,8119.648,8.4158,0.03,392.9763,2386.7339,100.0218,39.127,23.3077
101,29,-0.0008,-0.0005,99.9986,518.5893,641.4254,1598.5284,1405.5168,14.6237,21.6131,552.351,2387.512,9061.2224,1.2997,47.4858,522.1218,2388.187,8142.4105,8.4212,0.03,392.6947,2387.4837,100.0123,39.0743,23.3895
101,30,-0.0006,-0.0007,100.0009,518.6508,642.2183,1596.4685,1401.0469,14.6159,21.6033,554.2337,2384.0075,9084.4508,1.2995,47.5764,522.6312,2389.6211,8121.5476,8.4202,0.03,392.6392,2388.0546,100.003,38.9979,23.4005
101,31,-0.0006,-0.0007,99.9987,518.7471,643.1477,1592.7274,1403.1978,14.621,21.6077,552.6573,2391.166,9035.341,1.3001,47.2508,523.524,2392.4477,8134.1569,8.4297,0.03,392.5577,2387.1208,99.9744,38.9757,23.4035
101,32,-0.0005,-0.0005,100.0002,518.5916,642.1821,1589.0222,1400.6883,14.616,21.6058,554.646,2385.8056,9101.0136,1.3001,47.4271,521.5946,2393.6447,8120.1846,8.4149,0.03,391.6752,2388.5489,99.9859,39.02,23.4843
101,33,-0.0009,-0.0,100.0007,518.6117,643.8195,1596.7717,1405.1468,14.6154,21.6069,553.1604,2390.0958,9064.968,1.3,47.2798,522.9273,2393.3274,8138.2241,8.4307,0.03,392.0983,2387.9665,99.9668,39.0544,23.4102
101,34,-0.0006,-0.0007,99.9989,518.7792,642.997,1596.0343,1403.6168,14.6201,21.6141,552.819,2391.0233,9045.7315,1.2999,47.3743,522.8035,2388.2377,8149.1033,8.3971,0.03,391.3812,2388.6911,100.0039,39.0996,23.33
101,35,-0.0006,-0.0002,100.0001,518.7805,642.4246,1598.5393,1410.1117,14.6189,21.6081,554.9581,2398.2231,9044.9974,1.2999,47.3738,521.2108,2386.2513,8111.8624,8.3989,0.03,391.897,2388.7405,99.98,39.0941,23.3886
101,36,-0.0007,-0.0003,99.9989,518.7097,643.3445,1595.8178,1404.6185,14.6272,21.6072,552.713,2387.8191,9044.7747,1.2998,47.5104,524.1379,2388.0293,8114.1959,8.4194,0.03,392.1969,2388.0969,99.9697,39.1362,23.4818
101,37,-0.0009,-0.0005,100.0003,518.7047,644.0188,1600.8398,1403.4513,14.6177,21.604,552.4456,2390.7551,9087.6651,1.2999,47.4156,522.6817,2396.5491,8168.4064,8.4022,0.03,392.5064,2388.3257,100.0369,39.0589,23.3799
101,38,-0.0005,-0.0002,100.0008,518.7226,644.5859,1598.3655,1407.9591,14.6219,21.6093,553.3724,2396.7955,9040.7949,1.3001,47.3539,522.7724,2397.099,8129.9095,8.4115,0.03,392.2597,2388.3083,100.0433,38.9873,23.406
101,39,-0.0006,-0.0001,99.9999,518.6989,644.0402,1595.4431,1402.9792,14.6206,21.6146,552.0247,2391.7895,9043.2914,1.3003,47.2434,522.2035,2392.9159,8151.7989,8.4093,0.03,393.1362,2387.3084,99.956,39.0438,23.3712
101,40,-0.001,-0.0003,100.0002,518.6115,641.6592,1597.8283,1406.1953,14.6197,21.618,551.9288,2383.9913,9043.8281,1.3,47.4078,522.5797,2392.9187,8105.456,8.4344,0.03,392.5239,2388.1637,100.0091,39.0519,23.4147
101,41,-0.0005,-0.0001,100.0002,518.7435,643.2329,1599.8403,1402.6253,14.6253,21.6098,551.4807,2392.0137,9044.4176,1.3002,47.3195,522.4112,2382.3373,8117.9702,8.3689,0.03,392.2305,2388.3753,100.0085,38.9298,23.3905
101,42,-0.0007,-0.0006,100.0015,518.761,643.1096,1595.557,1405.2517,14.614,21.6089,552.2621,2386.7441,9052.0518,1.3005,47.4389,522.3267,2394.2226,8147.6087,8.4249,0.03,391.1133,2388.3335,100.0079,39.0732,23.4214
101,43,-0.0004,-0.0005,100.0013,518.6905,646.1044,1593.4927,1409.6805,14.6206,21.6072,552.4324,2390.1256,9065.2147,1.3001,47.3202,522.9437,2401.8471,8152.4432,8.4163,0.03,391.7006,2388.293,99.9795,38.9811,23.3125
101,44,-0.0006,-0.0003,99.9995,518.8333,641.9112,1591.2431,1405.598,14.6231,21.6173,552.4101,2396.9367,9057.2516,1.3,47.4552,523.6967,2384.2158,8147.8439,8.4318,0.03,391.9027,2388.2359,100.0052,38.9561,23.3581
101,45,-0.0007,-0.0002,100.0005,518.6316,644.5234,1587.0597,1408.3404,14.6149,21.6084,551.6269,2385.732,9079.363,1.2999,47.4007,523.0147,2394.1538,8124.5407,8.3866,0.03,391.191,2387.2566,99.9914,39.1142,23.4283
101,46,-0.0008,-0.0005,99.9997,518.8854,644.0702,1597.7037,1408.1636,14.6207,21.6089,552.5995,2391.7057,9058.1047,1.3002,47.3692,523.8762,2391.6221,8124.0447,8.3741,0.03,391.8353,2388.4766,99.9421,39.1579,23.3809
101,47,-0.0004,-0.0006,100.0006,518.5607,642.8265,1602.6443,1404.9002,14.6206,21.6138,553.315,2392.8998,9065.803,1.3006,47.3553,523.3703,2397.1592,8140.2282,8.4274,0.03,390.6529,2388.7801,99.9771,39.0162,23.351
101,48,-0.0007,-0.0003,100.0003,518.7138,645.7486,1598.2256,1404.9089,14.6228,21.6151,551.3521,2395.1697,9072.3125,1.2999,47.4878,523.0531,2392.8762,8118.8789,8.4073,0.03,390.4052,2388.7615,99.9831,38.9129,23.2843
101,49,-0.0009,-0.0007,100.0016,518.7748,642.8413,1604.1724,1408.5032,14.6191,21.5992,555.2004,2385.8163,9030.2885,1.3003,47.5852,524.7036,2395.1062,8130.834,8.421,0.03,391.7397,2388.0498,99.9987,38.9292,23.371
101,50,-0.0012,-0.0004,99.999,518.5555,644.0056,1601.6663,1408.4873,14.6154,21.6057,553.65,2387.8985,9056.4291,1.3001,47.258,523.4196,2386.1796,8110.8158,8.4116,0.03,391.8495,2387.9906,100.011,39.0034,23.4469
102,1,-0.0007,-0.0005,100.0001,518.7264,642.2128,1589.8291,1398.6336,14.6181,21.6039,556.2998,2382.1192,9033.6537,1.2998,47.555,521.3523,2393.9793,8127.6574,8.4242,0.03,393.6818,2387.4328,100.0062,39.1095,23.4394
102,2,-0.0008,-0.0004,100.0,518.6548,643.4501,1597.017,1399.242,14.616,21.6096,557.153,2384.3951,9076.3934,1.3004,47.4128,522.3168,2395.9709,8131.7587,8.4156,0.03,391.1854,2387.6899,99.9755,39.0598,23.3825
102,3,-0.0006,-0.0007,100.0003,518.7565,639.7655,1591.7063,1404.6148,14.6165,21.6172,554.6346,2385.1837,9046.7307,1.3001,47.4642,522.4008,2384.1137,8139.4248,8.3943,0.03,391.2376,2387.6487,100.0247,39.1372,23.4445
102,4,-0.001,-0.0005,100.0012,518.6847,645.4521,1592.4515,1402.1959,14.6191,21.6106,553.842,2392.3439,9066.3461,1.2998,47.3197,520.0726,2391.3481,8117.0743,8.3806,0.03,393.8558,2387.9971,100.0168,39.0516,23.408
102,5,-0.0004,-0.0005,100.0003,518.7034,641.7898,1595.165,1401.7387,14.6178,21.6123,552.8266,2389.5831,9050.4083,1.3003,47.4783,522.1394,2393.3142,8155.7278,8.4248,0.03,390.8196,2387.4913,99.9939,38.9897,23.3999
102,6,-0.0007,-0.0003,99.9999,518.7205,642.9286,1586.6487,1400.245,14.6196,21.6048,554.2744,2397.3116,9074.3662,1.2999,47.5601,522.5216,2388.3506,8120.9197,8.4087,0.03,391.9212,2388.0767,100.0001,39.0624,23.4599
102,7,-0.0004,-0.0007,99.9974,518.7669,641.3091,1593.2307,1400.3145,14.6147,21.6123,554.2147,2387.8575,9007.3645,1.2999,47.4396,521.0458,2391.4466,8128.2281,8.4218,0.03,390.958,2388.5715,99.9968,39.0161,23.3554
102,8,-0.0008,-0.0006,99.9998,518.8476,641.5406,1589.9195,1408.4917,14.6194,21.6071,554.2693,2388.3821,9089.3744,1.3002,47.3385,525.0811,2388.3416,8137.9181,8.4151,0.03,392.8724,2388.0153,99.9849,39.0434,23.362
102,9,-0.0001,-0.0004,99.9996,518.6892,641.828,1593.1469,1408.5695,14.6181,21.6055,553.4355,2397.6505,9071.5954,1.3003,47.2941,521.6065,2399.1178,8117.752,8.4037,0.03,392.0063,2388.2177,100.0433,38.9455,23.4314
102,10,-0.0007,-0.0003,100.0015,518.7227,644.5216,1600.9091,1405.0748,14.6175,21.6055,550.3667,2402.5671,9041.024,1.2999,47.3195,523.6869,2396.6023,8133.9929,8.3959,0.03,391.7087,2387.8812,100.0321,39.0217,23.4161
102,11,-0.0005,-0.0002,100.0002,518.5355,644.6312,1596.7635,1405.5575,14.6217,21.6154,552.26,2395.0238,9094.3137,1.3001,47.5715,524.2483,2385.0992,8129.0588,8.4098,0.03,391.9271,2387.9339,99.9755,38.9539,23.3353
102,12,-0.0009,-0.0003,100.0017,518.7109,642.8845,1601.6519,1411.3798,14.6182,21.6094,551.9263,2390.6435,9077.9084,1.3,47.342,523.0395,2392.2629,8125.2008,8.3946,0.03,390.9937,2388.1073,100.0187,38.8456,23.2858
102,13,-0.0012,-0.0001,99.9994,518.9354,644.0122,1602.2943,1413.3831,14.6259,21.6189,552.9082,2400.1662,9079.6865,1.3002,47.2264,523.4332,2395.2189,8107.1621,8.3907,0.03,391.9594,2388.0422,100.0296,38.8528,23.352
102,14,-0.0009,-0.0008,99.9999,518.6574,647.0106,1605.2449,1407.2741,14.6254,21.6153,551.8578,2395.1138,9054.5133,1.2999,47.3577,526.5882,2403.526,8098.3154,8.3767,0.03,389.7232,2388.1543,99.997,38.8905,23.2788
102,15,-0.0005,-0.0005,99.9988,518.372,645.3745,1610.4659,1415.9186,14.6187,21.6074,551.362,2392.3837,9080.3516,1.3002,47.3455,524.8657,2396.1392,8088.1782,8.3789,0.03,391.293,2388.4363,99.9839,39.0279,23.333
102,16,-0.0007,-0.0005,99.9976,518.7617,646.7116,1605.5866,1412.6156,14.6215,21.6032,549.8722,2401.937,9055.3278,1.3001,47.074,525.8178,2397.9331,8072.2377,8.4095,0.03,390.2613,2388.0958,100.023,38.8157,23.3405
102,17,-0.0006,-0.0003,100.0002,518.6319,645.0699,1608.4607,1410.6269,14.6115,21.6119,551.0644,2387.8828,9062.988,1.3002,47.3709,525.726,2395.6513,8091.4753,8.41,0.03,390.1578,2387.7694,99.9809,38.8879,23.4053
102,18,-0.0006,-0.0005,99.9997,518.5078,647.6461,1609.6993,1414.3651,14.6293,21.6113,548.8195,2398.1896,9105.3729,1.3,47.011,527.0484,2396.9947,8120.7397,8.4019,0.03,391.673,2388.0324,100.0171,38.8989,23.2809
102,19,-0.0009,-0.0002,99.9997,518.6281,645.6757,1613.1061,1421.9257,14.6169,21.6101,550.7974,2400.9347,9096.2173,1.2997,47.1594,526.2906,2405.9827,8105.2446,8.4242,0.03,390.8049,2388.0928,99.9929,38.8696,23.2978
102,20,-0.0006,-0.0001,99.999,518.7882,648.9954,1613.2475,1411.518,14.6182,21.6156,548.7731,2397.662,9082.4351,1.3002,47.1409,526.6442,2400.6426,8075.0881,8.3617,0.03,390.1742,2388.5813,100.0304,38.9029,23.2823
102,21,-0.0006,-0.0004,99.9991,518.7036,646.2018,1619.3122,1417.5088,14.6206,21.6112,548.0666,2406.3866,9086.6047,1.3002,46.9308,527.4439,2412.8046,8060.6111,8.3625,0.03,390.4419,2388.1675,100.0098,38.8557,23.3451
102,22,-0.0006,-0.0004,100.0007,518.8671,647.9683,1614.3994,1423.2941,14.6196,21.6006,548.8371,2402.2065,9097.28,1.3001,47.0454,528.4814,2402.6431,8080.5588,8.3661,0.03,390.6546,2387.5532,100.0217,38.7449,23.3213
102,23,-0.0006,-0.0,99.9998,518.6338,648.5466,1618.5429,1423.8498,14.6153,21.6054,546.2466,2410.5092,9133.6778,1.3,46.9793,528.2538,2411.4793,8052.3123,8.3709,0.03,390.4329,2388.0905,100.02,38.5559,23.3054
102,24,-0.0009,-0.0008,100.0005,518.8125,648.8377,1624.5917,1427.5739,14.6238,21.6171,547.7755,2407.5657,9077.6437,1.2999,46.8825,530.8953,2406.325,8064.5023,8.3725,0.03,391.2338,2387.7026,100.0039,38.6888,23.2017
102,25,-0.0009,-0.0004,99.9996,518.5982,647.6606,1623.3982,1420.323,14.6222,21.6104,544.8484,2406.9907,9097.0029,1.3001,47.0564,527.1335,2408.9765,8054.8722,8.3708,0.03,389.1772,2387.8476,99.9841,38.8103,23.2542
102,26,-0.0001,-0.0004,99.9993,518.513,647.613,1620.7705,1426.7979,14.6215,21.6032,546.9582,2407.449,9117.335,1.3004,46.9801,529.2789,2405.4594,8017.3293,8.3436,0.03,388.8518,2387.9373,100.0015,38.6876,23.2122
102,27,-0.0006,-0.0003,99.9989,518.8164,650.2735,1628.055,1429.5756,14.6207,21.6141,545.7755,2408.1458,9125.3698,1.2997,46.8704,530.003,2410.0365,8045.0354,8.3202,0.03,389.5546,2388.0763,99.9794,38.7825,23.1914
102,28,-0.0004,-0.0003,99.9994,518.8542,649.3477,1633.1478,1431.9667,14.618,21.616,544.6614,2413.7899,9127.7699,1.3,46.9016,531.3535,2404.0196,8063.0299,8.32,0.03,390.2185,2387.479,99.9918,38.5753,23.2109
102,29,-0.0008,-0.0002,100.0013,518.8148,650.6482,1631.8324,1426.0497,14.6176,21.6142,546.2016,2407.881,9116.6509,1.3,46.815,530.178,2415.7613,8028.6575,8.3437,0.03,389.1908,2387.7916,99.9978,38.6325,23.1925
102,30,-0.0008,-0.0001,100.0006,518.6393,652.7636,1633.7493,1435.6819,14.6211,21.6095,544.3691,2407.6636,9111.3716,1.2997,46.7651,533.3363,2425.7826,8041.2298,8.3483,0.03,388.6082,2387.6238,99.9876,38.6035,23.1764
102,31,-0.0013,-0.0003,99.9989,518.6948,655.0392,1634.2409,1426.9666,14.6192,21.6148,545.4968,2410.7078,9145.2078,1.2999,46.704,534.8024,2409.3616,8029.3518,8.3436,0.03,388.9557,2388.1471,99.9922,38.6145,23.1708
102,32,-0.0005,-0.0005,100.0004,518.667,654.3372,1639.3935,1430.7744,14.6237,21.6061,542.0444,2415.1732,9165.627,1.2994,46.9739,533.6688,2419.0438,8018.6112,8.3363,0.03,389.2274,2388.2654,100.0018,38.5546,23.1681
102,33,-0.0008,-0.0002,100.0006,518.365,654.2573,1642.6078,1437.4026,14.6189,21.6149,543.2545,2415.788,9152.7374,1.2997,46.5063,532.4451,2423.5577,8029.2091,8.3358,0.03,388.9664,2387.6936,100.0086,38.6086,23.1986
102,34,-0.0003,-0.0003,100.0004,518.781,653.913,1641.6549,1438.7392,14.6178,21.6071,541.4695,2417.1789,9144.4864,1.2995,46.6182,533.6406,2417.0206,8018.5242,8.3386,0.03,387.8013,2387.6327,99.9812,38.5866,23.142
102,35,-0.0008,-0.0008,100.0006,518.5414,654.5643,1647.8484,1444.7751,14.6162,21.5969,541.2505,2431.0699,9177.2306,1.3001,46.5113,535.0301,2417.7802,8009.5558,8.3269,0.03,390.3979,2388.1874,99.9898,38.4952,23.0559
102,36,-0.0009,-0.0005,99.9995,518.6858,653.9794,1653.0757,1442.7579,14.62,21.6086,540.6271,2427.9405,9143.954,1.2998,46.4886,533.3406,2420.0463,7987.9702,8.3286,0.03,388.2188,2388.4064,99.9973,38.5027,23.1214
102,37,-0.0006,-0.0005,99.9976,518.6561,657.419,1655.0379,1447.2812,14.6236,21.6104,540.0736,2422.601,9158.8207,1.3002,46.5906,535.164,2423.3602,7989.5626,8.3195,0.03,386.097,2387.7371,99.9756,38.4071,23.1067
102,38,-0.0008,-0.0001,100.0003,518.7012,656.9548,1651.0899,1449.3327,14.6198,21.6129,538.0579,2419.7029,9184.3021,1.3001,46.349,534.9748,2432.4583,7963.9397,8.3324,0.03,388.2256,2387.8431,100.0121,38.3786,23.0931
102,39,-0.0007,-0.0006,100.0007,518.6168,656.4337,1654.2026,1441.1145,14.6194,21.6204,539.4994,2428.6262,9169.7811,1.3,46.4443,535.2307,2433.9995,7988.6053,8.3121,0.03,387.566,2388.3214,100.0118,38.3673,23.0608
102,40,-0.0007,-0.0001,99.9988,518.5178,657.5181,1660.2143,1450.6726,14.6207,21.609,539.6563,2422.6875,9164.6475,1.3,46.1936,536.8673,2438.2282,7970.8778,8.2992,0.03,386.8906,2387.8208,99.9936,38.4687,23.1006
102,41,-0.001,-0.0004,100.0005,518.7883,659.9231,1659.5482,1449.835,14.6163,21.609,537.8885,2436.6855,9183.4281,1.2999,46.3206,536.7752,2441.9089,7937.8636,8.2936,0.03,387.2001,2387.9092,99.9929,38.3277,23.1254
102,42,-0.0014,-0.0001,99.9986,518.6423,657.9359,1667.4042,1449.5733,14.6214,21.6187,535.219,2434.5328,9178.0558,1.3001,46.2641,537.5805,2435.9161,7986.8138,8.2824,0.03,385.9996,2387.5432,100.0094,38.4306,23.0643
102,43,-0.0008,-0.0004,99.9987,518.7327,660.2217,1666.8868,1454.7006,14.6208,21.6081,536.0081,2445.3325,9190.8578,1.2999,46.1564,539.6368,2434.3976,7940.2054,8.3029,0.03,386.3592,2387.1085,100.0202,38.2338,23.0709
102,44,-0.0013,-0.0002,99.9988,518.7458,659.7154,1668.1159,1456.868,14.622,21.6105,536.0727,2446.441,9172.3841,1.3004,46.1828,538.5406,2430.6068,7940.9485,8.2912,0.03,387.8289,2387.3069,99.9998,38.1617,23.0371
102,45,-0.0004,-0.0005,99.9974,518.6906,660.8736,1675.292,1463.4841,14.6169,21.6129,536.0826,2430.2237,9211.8888,1.2999,46.1196,540.4662,2436.3505,7926.2008,8.2712,0.03,385.605,2388.3245,99.977,38.2835,23.0277
103,1,-0.0012,-0.0005,100.0012,518.5682,641.5536,1591.1691,1402.7944,14.6193,21.6074,555.937,2396.3652,9063.8999,1.3,47.3933,520.7936,2390.5155,8145.4304,8.4431,0.03,390.8216,2388.5024,99.98,39.03,23.4317
103,2,-0.0001,0.0002,100.0006,518.651,643.0226,1593.3862,1400.3107,14.6252,21.611,554.711,2391.7597,9055.4563,1.3002,47.3976,521.2665,2383.2847,8143.7098,8.4311,0.03,393.256,2387.9973,100.0134,38.9662,23.3976
103,3,-0.0005,-0.0002,99.9997,518.6626,640.727,1591.0085,1404.8165,14.6217,21.6122,553.8471,2389.5621,9038.8784,1.3002,47.4711,522.7079,2386.976,8097.7313,8.4337,0.03,391.1629,2388.3312,99.9922,39.1188,23.4369
103,4,-0.0005,-0.0007,100.0012,518.6971,642.6429,1594.6451,1398.7886,14.6212,21.6056,551.8166,2383.4865,9074.8365,1.2998,47.5441,522.0831,2382.5631,8109.7206,8.4324,0.03,391.2749,2388.0764,100.01,39.1032,23.4658
103,5,-0.0008,-0.0007,99.9996,518.697,642.4013,1593.5685,1406.4346,14.6199,21.6101,551.9122,2391.1127,9042.5787,1.3002,47.4582,521.2459,2387.7336,8097.7477,8.3964,0.03,390.409,2387.5597,99.9799,39.0083,23.3893
103,6,-0.0009,-0.0004,99.9995,518.6418,646.3802,1603.6212,1403.7679,14.6224,21.6135,550.8413,2397.7747,9092.337,1.2997,47.2291,524.8349,2395.1207,8124.519,8.4082,0.03,390.3249,2388.5002,100.0234,38.9471,23.3705
103,7,-0.0012,-0.0003,100.0006,518.6635,646.3295,1601.3353,1411.1312,14.617,21.6099,551.2148,2396.7658,9063.5894,1.3,47.3462,523.9821,2387.9765,8136.7622,8.4203,0.03,391.7058,2387.7598,100.0053,38.9582,23.3467
103,8,-0.0009,-0.0005,99.9991,518.5837,645.5109,1603.425,1413.7884,14.6243,21.6075,550.9056,2400.0611,9085.0803,1.3,47.2857,525.6636,2391.7233,8114.5395,8.4062,0.03,390.9776,2388.3264,99.9958,38.9866,23.4521
103,9,-0.0009,-0.0007,100.0003,518.7449,646.0651,1613.8696,1410.6292,14.622,21.6074,551.7215,2409.3232,9069.4007,1.2999,47.2403,525.5328,2399.5496,8092.3277,8.3527,0.03,390.1738,2387.7645,100.0289,38.7697,23.3621
103,10,-0.0008,-0.0005,100.0008,518.7053,647.9083,1616.105,1416.1135,14.6182,21.6053,548.0218,2416.1619,9112.9563,1.2996,46.9729,527.2659,2404.6502,8091.8232,8.374,0.03,390.7232,2388.041,99.9556,38.8128,23.2656
103,11,-0.0006,0.0002,100.0004,518.6375,649.2197,1618.5553,1421.0334,14.6218,21.6189,546.7547,2406.7387,9081.2523,1.3001,46.9477,527.2014,2403.0269,8089.2306,8.3867,0.03,390.2466,2387.6611,99.9748,38.7745,23.2714
103,12,0.0,-0.0003,99.9986,518.6114,650.2522,1627.8596,1418.3735,14.6145,21.6181,547.4643,2402.8525,9115.6501,1.2993,46.9683,528.8975,2411.3736,8046.8118,8.3653,0.03,390.1276,2387.5724,99.9918,38.6724,23.2957
103,13,-0.0004,-0.0004,100.0,518.5197,649.5023,1625.4543,1433.2549,14.6167,21.6163,547.116,2410.9804,9146.1304,1.3001,46.935,529.4614,2415.4435,8070.6639,8.3456,0.03,389.4793,2387.6179,99.9987,38.8037,23.2222
103,14,-0.0007,-0.0004,100.0008,518.4369,650.095,1630.8672,1432.5044,14.6186,21.6019,545.6327,2409.3585,9101.4792,1.2998,46.8076,529.8881,2401.8188,8056.4723,8.3695,0.03,388.4452,2387.9038,99.9999,38.7088,23.2524
103,15,-0.0009,-0.0004,100.0005,518.821,652.8048,1637.4655,1432.7335,14.6241,21.6118,542.884,2421.9567,9144.6613,1.2999,46.7037,531.8701,2417.4258,8033.7065,8.3448,0.03,389.8642,2388.091,100.0188,38.5345,23.2164
103,16,-0.0002,-0.0004,99.9992,518.6024,651.5636,1637.3962,1434.9388,14.6159,21.6101,543.6919,2413.8835,9168.882,1.3001,46.7685,531.9538,2422.2598,8000.9322,8.3459,0.03,389.1333,2387.4385,99.9821,38.6134,23.1291
103,17,-0.0006,-0.0007,100.0008,518.5421,654.7715,1646.9823,1437.6209,14.6217,21.6111,540.908,2416.4677,9115.5633,1.3001,46.4408,533.8558,2419.9859,8017.5713,8.3168,0.03,388.9379,2388.16,100.0063,38.5532,23.0765
103,18,-0.0005,-0.0003,99.999,518.6447,655.1457,1649.8294,1444.2181,14.6242,21.6147,538.8268,2427.4188,9185.1002,1.3001,46.6092,537.0073,2429.2964,7997.9985,8.3302,0.03,388.0367,2387.8322,100.0313,38.4009,23.1944
103,19,-0.0006,-0.0007,100.0004,518.4522,657.1675,1658.4926,1445.4445,14.6204,21.6184,538.4607,2422.6477,9198.1464,1.3005,46.4196,537.1491,2434.0714,7968.9031,8.2948,0.03,388.9826,2388.2688,99.9824,38.5668,23.0711
103,20,-0.0008,-0.0003,100.0016,518.7586,658.0977,1662.725,1451.1544,14.6216,21.5991,537.3967,2432.207,9161.0876,1.3001,46.3111,539.1447,2438.5265,7960.09,8.2906,0.03,386.9409,2388.0931,99.9848,38.2684,23.0978
103,21,-0.0005,-0.0006,100.0009,518.6045,659.1229,1669.5827,1454.9718,14.6213,21.6078,536.1774,2433.5097,9179.2595,1.3,46.0923,538.0527,2433.0916,7949.8301,8.279,0.03,387.2946,2388.4177,99.987,38.2065,22.9917
103,22,-0.0008,-0.0005,99.9992,518.5355,659.476,1673.4188,1460.8684,14.6184,21.6082,534.0037,2437.8684,9188.5464,1.3001,45.9763,539.4735,2439.4159,7942.9742,8.3181,0.03,385.7457,2387.9544,99.9645,38.2366,22.9727
103,23,-0.0004,-0.0005,99.9999,518.6041,663.5896,1677.8294,1468.5702,14.6224,21.6121,534.043,2443.51,9180.4181,1.2999,46.1304,541.1122,2434.8771,7924.7729,8.2908,0.03,386.0891,2388.4544,99.9927,38.0507,22.9389
103,24,-0.0002,-0.0005,99.9998,518.6389,665.1261,1690.1674,1473.9847,14.6195,21.6113,530.5236,2452.3769,9205.8262,1.3001,45.8481,541.8936,2441.2831,7901.0452,8.2422,0.03,386.3869,2387.4723,100.0044,38.2185,22.928
103,25,-0.0009,-0.0004,100.0012,518.6901,663.3518,1692.8184,1469.1096,14.622,21.6118,530.4034,2445.0925,9222.8282,1.3001,45.9689,543.2174,2451.246,7861.9597,8.2303,0.03,384.6072,2387.5527,99.9866,38.0845,22.9124
103,26,-0.0014,-0.0008,99.9994,518.7175,661.8874,1696.1056,1475.2444,14.6241,21.6083,529.6781,2453.6267,9212.4904,1.3002,45.7705,545.8159,2471.6628,7846.6822,8.2579,0.03,385.1239,2387.9783,99.9915,37.9541,22.9051
103,27,-0.0012,-0.0002,99.9996,518.5528,666.2479,1708.2354,1479.8314,14.621,21.6068,528.5724,2460.1583,9296.8961,1.3,45.7094,546.8195,2463.0322,7853.2705,8.2298,0.03,384.418,2388.0438,100.005,37.9252,22.8676
103,28,-0.0002,-0.0002,100.0009,518.6227,667.121,1713.9469,1488.487,14.6243,21.6074,525.9267,2453.0624,9269.0037,1.3003,45.4953,548.8448,2459.9417,7854.3076,8.1862,0.03,381.6846,2387.9107,99.9674,37.9629,22.8612
103,29,-0.0006,-0.0001,99.9991,518.8513,670.9243,1716.9533,1494.0041,14.6168,21.6064,523.9266,2462.4498,9269.8793,1.3003,45.4068,550.0311,2462.211,7803.1622,8.1981,0.03,383.529,2387.3465,100.0397,37.8731,22.7963
103,30,-0.0003,-0.0006,100.0005,518.6907,671.5566,1728.669,1497.7511,14.6208,21.6028,521.9285,2468.5473,9303.8072,1.2997,45.5502,552.7589,2471.9678,7817.4404,8.1777,0.03,383.1886,2388.1231,99.9752,37.76,22.7501
103,31,-0.0013,-0.0006,99.9996,518.8658,673.4487,1727.4163,1502.0218,14.6155,21.6147,520.8343,2472.9156,9339.4558,1.2997,45.0765,552.1077,2478.2807,7774.7207,8.1212,0.03,383.0976,2388.5732,99.9907,37.6326,22.7769
103,32,-0.0013,-0.0005,100.0002,518.7166,673.621,1738.9288,1498.7345,14.6181,21.612,518.6037,2477.945,9337.1295,1.2999,45.1113,553.2779,2476.635,7792.2852,8.1589,0.03,382.3702,2388.3413,99.959,37.685,22.672
103,33,-0.0006,-0.0002,99.9986,518.5964,675.4722,1743.6007,1515.6913,14.6175,21.6076,518.2285,2476.2921,9335.682,1.3001,44.9477,555.7761,2479.464,7740.3241,8.1488,0.03,381.7306,2388.1076,100.0139,37.4238,22.7317
103,34,-0.0006,-0.0001,99.9993,518.8586,678.4299,1755.2388,1516.6942,14.6193,21.6152,516.4399,2477.078,9336.6418,1.3,44.8911,557.4307,2492.2531,7715.5662,8.1328,0.03,381.826,2387.9549,100.0084,37.3828,22.6756
103,35,-0.0004,-0.0003,99.9999,518.7302,678.1424,1763.7013,1525.9459,14.6231,21.6068,514.9413,2484.8038,9381.4378,1.3001,44.5647,557.9185,2489.586,7724.5074,8.0967,0.03,380.9343,2387.9072,99.9849,37.4585,22.6564
103,36,-0.0008,-0.0005,100.0005,518.6329,680.5111,1770.9446,1521.342,14.6239,21.6103,512.3147,2495.1276,9384.8405,1.2995,44.7629,560.8389,2497.6278,7726.7074,8.0865,0.03,380.0268,2388.4044,99.9575,37.2941,22.5133
103,37,-0.0006,-0.0003,99.9993,518.5961,682.2115,1773.4636,1534.4913,14.6189,21.5974,510.5603,2495.2332,9370.6527,1.2997,44.5084,563.8712,2501.6473,7682.8992,8.0977,0.03,379.1843,2387.4487,99.965,37.1954,22.511
103,38,-0.0007,-0.0005,99.9991,518.7331,682.3487,1786.611,1534.8438,14.6178,21.6037,508.5998,2509.5562,9424.3463,1.3003,44.4229,563.0463,2503.2761,7661.3665,8.0986,0.03,379.9147,2388.4265,100.0366,37.117,22.4985
103,39,-0.0,-0.0005,99.9985,518.475,686.6654,1786.0923,1542.2017,14.6213,21.6108,507.7825,2510.7282,9453.2081,1.2998,44.1827,565.1278,2513.5895,7669.762,8.0698,0.03,377.7686,2388.7963,100.0305,37.1284,22.5096
103,40,-0.0012,-0.0005,99.9993,518.7448,686.1337,1802.5289,1552.7514,14.622,21.6112,504.3462,2510.4535,9467.9314,1.3002,44.1152,567.257,2504.7807,7618.4644,8.0802,0.03,378.312,2388.4812,99.9749,37.0064,22.4306
104,1,-0.0007,0.0002,99.9983,518.7798,641.9281,1592.1542,1401.8362,14.6179,21.611,552.3001,2390.9412,9051.5844,1.3002,47.5705,522.0435,2388.7273,8124.2786,8.4075,0.03,393.1261,2387.8863,100.0009,38.9893,23.4749
104,2,-0.0005,-0.0,99.9991,518.6308,642.5308,1592.1433,1400.2692,14.6174,21.6138,555.0694,2383.9168,9071.4488,1.3003,47.4766,521.8279,2390.8992,8123.6673,8.4193,0.03,392.6616,2387.2542,100.0301,39.0304,23.4082
104,3,-0.0009,-0.0005,100.0014,518.4119,644.0263,1591.8716,1397.992,14.6169,21.6172,553.0567,2383.2106,9068.8474,1.3001,47.3635,522.126,2383.7801,8153.9176,8.4354,0.03,392.2114,2388.8411,100.0,38.9569,23.4357
104,4,-0.0001,-0.0006,99.9996,518.7132,642.5149,1588.592,1405.1629,14.6268,21.6108,552.8892,2381.8729,9054.6798,1.3003,47.483,522.0983,2386.4165,8116.0281,8.43,0.03,390.6556,2388.7593,100.0115,39.1495,23.3472
104,5,-0.0011,-0.0004,100.0005,518.8563,643.7252,1592.031,1399.9117,14.6236,21.6058,555.4442,2388.566,9080.8524,1.3002,47.4076,521.7968,2388.2561,8138.1794,8.4153,0.03,391.6661,2388.0375,99.9574,39.0653,23.3589
104,6,-0.001,-0.0007,99.9982,518.5294,642.1735,1600.2461,1402.183,14.6205,21.6117,553.4973,2390.2955,9032.7889,1.3004,47.5725,520.853,2385.7346,8123.7062,8.3956,0.03,391.1439,2389.034,100.0238,39.034,23.4468
104,7,-0.0004,-0.0005,99.9992,518.6781,644.4845,1595.8419,1400.1999,14.6177,21.6097,552.951,2400.906,9031.9257,1.3001,47.5206,525.2768,2389.5134,8133.0016,8.419,0.03,391.5477,2388.2082,99.9494,39.0573,23.3979
104,8,-0.0008,0.0,99.9993,518.6282,646.2551,1594.2371,1404.1215,14.6196,21.6136,552.9206,2386.2021,9050.1858,1.2998,47.3483,523.6756,2394.3331,8092.5514,8.4247,0.03,392.6132,2388.2121,100.022,39.0259,23.4478
104,9,-0.0005,-0.0004,100.0023,518.7622,644.7774,1594.4175,1403.1764,14.6209,21.6106,551.639,2394.0063,9091.5774,1.3002,47.2219,523.4634,2389.4483,8111.3437,8.397,0.03,390.4389,2387.939,99.9888,38.7449,23.4731
104,10,-0.0004,-0.0005,100.0,518.5485,646.5837,1606.2034,1408.4194,14.623,21.6108,550.4436,2392.385,9068.4389,1.2999,47.2825,523.8554,2393.9255,8114.4536,8.3832,0.03,390.3043,2388.467,99.9579,39.0472,23.4335
104,11,-0.0008,-0.0009,99.9996,518.6633,643.4942,1600.3258,1413.5305,14.6219,21.606,549.7376,2393.8673,9065.5907,1.3001,47.2239,524.8766,2404.6314,8122.5938,8.397,0.03,390.9139,2388.5639,99.9875,38.943,23.3622
104,12,-0.0009,-0.0007,100.0003,518.6637,645.8406,1602.1522,1413.9923,14.6174,21.6174,549.1331,2398.6383,9081.6295,1.2998,47.285,526.0902,2385.934,8112.9998,8.3525,0.03,392.3469,2387.7221,99.9765,38.9055,23.4474
104,13,-0.0012,-0.0006,100.0015,518.8627,645.4903,1601.8819,1417.8338,14.6247,21.6129,549.7114,2397.5129,9073.8682,1.3001,47.351,526.1043,2392.5613,8122.5093,8.3963,0.03,392.0897,2387.4691,99.9993,38.86,23.2674
104,14,-0.0006,0.0001,99.9982,518.6667,646.8888,1608.2693,1413.0956,14.6162,21.611,549.295,2388.5235,9102.2836,1.3002,47.1854,525.8757,2404.0736,8098.8419,8.4026,0.03,391.8333,2388.1532,100.0039,38.7821,23.3442
104,15,-0.0009,-0.0005,99.9992,518.5594,649.2555,1614.2481,1420.2983,14.6164,21.6103,548.203,2396.9444,9068.1135,1.3003,47.1088,527.219,2403.1122,8127.5809,8.3587,0.03,391.5629,2387.5351,100.0201,38.8866,23.3096
104,16,-0.0009,-0.0005,100.002,518.6701,648.0083,1609.7157,1414.2957,14.6232,21.6042,548.6618,2401.7606,9090.9412,1.3,47.1488,527.3117,2405.0665,8068.7457,8.3749,0.03,391.2199,2387.3443,100.007,38.684,23.3116
104,17,-0.0001,-0.0006,99.9992,518.7493,645.5158,1612.5087,1419.7651,14.6181,21.609,549.4148,2404.9875,9098.0976,1.2999,47.1098,526.9608,2405.1204,8071.2317,8.3726,0.03,390.3404,2387.6127,99.9777,38.8363,23.3081
104,18,-0.0005,-0.0005,100.0004,518.7271,648.5775,1614.2583,1420.1782,14.6211,21.61,545.7271,2405.1605,9137.7823,1.2999,46.968,527.9963,2405.8457,8093.0895,8.3503,0.03,390.6754,2387.9321,100.0068,38.8733,23.3274
104,19,-0.001,-0.0002,99.9999,518.6776,648.6246,1618.8391,1424.8133,14.6198,21.6052,547.0384,2406.7097,9124.6076,1.3002,46.9176,530.732,2407.0805,8088.621,8.3647,0.03,390.7106,2388.5818,100.0211,38.8371,23.2598
104,20,-0.0009,-0.0003,100.0009,518.6469,650.4376,1626.4373,1420.6718,14.6176,21.6094,547.2341,2404.8543,9131.5787,1.3001,46.9622,527.1884,2401.035,8066.4575,8.3269,0.03,389.764,2389.5489,100.0462,38.7302,23.2573
104,21,-0.0004,-0.0001,99.9984,518.4847,648.8241,1626.2404,1426.441,14.6231,21.6048,543.7279,2413.0012,9097.0026,1.2995,46.9313,530.076,2408.2799,8048.2937,8.3556,0.03,388.6622,2387.6587,100.0104,38.7442,23.2575
104,22,-0.001,-0.0004,99.9978,518.6885,652.0255,1622.3346,1425.2643,14.621,21.6154,545.1866,2407.1796,9081.3601,1.3,47.0695,530.1141,2410.3391,8054.6963,8.3534,0.03,390.1913,2388.1078,100.0004,38.617,23.2978
104,23,-0.0005,-0.0005,100.001,518.6184,649.7672,1627.3034,1423.8456,14.6214,21.6021,543.6944,2402.1933,9120.5417,1.3,46.8017,529.327,2406.4676,8050.5681,8.3396,0.03,388.6745,2388.0865,100.0261,38.7125,23.2042
104,24,-0.0006,-0.0004,100.0,518.6362,651.1549,1633.1524,1427.969,14.617,21.604,542.6407,2407.9507,9130.218,1.2998,46.8375,531.0546,2404.3226,8047.0782,8.3576,0.03,389.5165,2387.5909,100.002,38.5408,23.1259
104,25,-0.0008,-0.0004,99.9996,518.5472,651.4599,1636.1543,1432.6135,14.6205,21.6071,545.0585,2409.8416,9141.5031,1.3003,46.7895,531.424,2412.8955,8046.5443,8.315,0.03,388.6899,2388.5911,100.0076,38.5362,23.1815
104,26,-0.0009,-0.0005,100.001,518.5277,654.66,1640.8107,1437.8244,14.6186,21.6094,541.501,2414.6834,9147.075,1.3003,46.5928,531.8839,2416.4262,8000.0808,8.3439,0.03,388.6591,2387.7841,99.9842,38.583,23.1718
104,27,-0.0008,-0.0005,100.0003,518.8415,653.4063,1644.282,1432.9449,14.6205,21.6053,540.7696,2415.4231,9165.28,1.3002,46.6742,531.3088,2417.9764,8020.693,8.3317,0.03,387.9211,2387.9694,100.0107,38.3831,23.1599
104,28,-0.0007,-0.0002,100.0007,518.7304,652.8445,1638.0433,1437.8489,14.6229,21.616,542.4987,2422.8044,9156.2645,1.2999,46.5911,535.3044,2416.2116,8034.9118,8.318,0.03,387.3193,2388.2798,99.9853,38.4147,23.163
104,29,-0.0004,-0.0006,99.9985,518.6605,654.4167,1648.9035,1443.7601,14.6198,21.618,541.2503,2420.9323,9126.0253,1.2999,46.523,535.2323,2424.7551,7982.1425,8.321,0.03,389.4196,2388.4239,100.0152,38.5,23.156
104,30,-0.0003,-0.0007,99.9997,518.5899,655.685,1654.1771,1441.6167,14.613,21.6082,541.2925,2427.0207,9168.82,1.2999,46.384,535.4474,2420.4277,8029.4709,8.3222,0.03,387.5381,2387.9556,99.9952,38.552,23.1313
104,31,-0.0009,-0.0,100.0,518.7498,655.0976,1654.5797,1446.3874,14.6145,21.6187,540.9761,2424.4544,9147.1235,1.3001,46.4634,535.972,2427.2258,7994.6114,8.3314,0.03,386.9867,2388.6508,100.0328,38.6799,23.0544
104,32,-0.0006,-0.0008,100.0006,518.6131,659.0412,1654.1751,1443.0486,14.6186,21.6015,539.631,2418.4188,9173.675,1.2995,46.3735,538.0184,2429.9637,7964.6404,8.3008,0.03,387.9689,2387.3472,100.0119,38.1908,23.0618
104,33,-0.0008,-0.0003,100.0,518.5242,656.0093,1660.5345,1449.8601,14.6183,21.6079,538.8111,2427.7711,9177.7593,1.3006,46.2168,535.086,2433.9455,7959.8489,8.2902,0.03,387.18,2388.7635,100.016,38.4374,23.0089
104,34,-0.001,-0.001,99.9992,518.7692,658.6527,1662.5149,1452.3566,14.618,21.6109,538.1174,2424.5188,9191.065,1.3002,46.2597,538.4746,2445.6386,7961.2737,8.2963,0.03,387.3077,2388.2198,100.0039,38.2578,23.0686
104,35,-0.0003,-0.0003,100.001,518.6454,659.6772,1667.474,1452.1285,14.6209,21.6057,535.7838,2435.1638,9197.4081,1.2997,46.3456,539.0769,2430.853,7929.9003,8.2813,0.03,387.0329,2387.8266,99.9599,38.274,23.0281
104,36,-0.0005,-0.0005,100.0017,518.4717,661.1342,1669.2898,1459.6084,14.6202,21.6149,535.2617,2431.0656,9224.2117,1.3,46.2121,540.5159,2431.3433,7956.4575,8.2678,0.03,386.7762,2387.2835,99.9844,38.3763,23.0672
104,37,-0.0007,-0.0004,99.9997,518.8107,659.9396,1674.2061,1462.8538,14.6177,21.6167,533.1885,2446.1788,9198.3433,1.2999,45.9565,539.5114,2433.3884,7928.5929,8.2693,0.03,386.6544,2388.1469,99.9781,38.1679,23.0929
104,38,-0.0009,-0.0001,99.9998,518.6702,662.3288,1681.0274,1461.8103,14.6189,21.6098,534.443,2444.7642,9211.8289,1.3002,46.2355,541.1526,2441.9548,7905.3634,8.2211,0.03,386.1862,2387.7541,100.0049,38.1974,23.0442
104,39,-0.0007,-0.0005,100.001,518.6475,662.3978,1679.028,1462.8113,14.6202,21.6101,533.7722,2441.3647,9185.2854,1.2999,46.0986,541.2238,2441.4301,7937.6317,8.2471,0.03,385.9003,2387.7688,99.9807,38.1534,22.9969
104,40,-0.0007,-0.0003,100.0018,518.6344,662.8566,1682.5364,1464.8048,14.6183,21.6079,532.7996,2456.0361,9212.4012,1.2999,45.9597,542.7366,2446.0344,7933.8541,8.2119,0.03,385.4002,2388.5241,99.9687,37.8967,22.9829
104,41,-0.0006,-0.0006,99.999,518.5694,663.4288,1685.8201,1471.1366,14.6117,21.6063,530.3026,2445.7892,9222.5565,1.3002,45.731,543.171,2449.6392,7934.4387,8.2382,0.03,384.1343,2386.8576,100.0169,38.0953,22.9934
104,42,-0.0011,-0.0003,100.0019,518.7135,664.4396,1691.5407,1467.9616,14.624,21.6074,531.2497,2441.7728,9217.9741,1.3004,45.8156,545.4496,2448.8234,7865.3918,8.2548,0.03,385.8529,2388.012,99.9691,38.0722,23.0229
104,43,-0.0006,-0.0004,100.0011,518.6919,665.1608,1691.7903,1475.6584,14.623,21.6064,531.3985,2451.0518,9230.3599,1.3003,45.7616,545.5456,2450.0553,7885.4457,8.2415,0.03,383.4942,2387.4645,100.0186,38.0122,22.8771
104,44,-0.0011,-0.0006,99.998,518.6595,664.9402,1695.9802,1477.4856,14.6211,21.619,527.2613,2459.306,9271.221,1.2998,45.7477,545.1054,2454.6144,7901.9234,8.2366,0.03,384.4719,2387.2912,99.9958,38.0795,22.8115
104,45,-0.001,-0.0004,99.999,518.5878,665.9913,1698.5483,1477.652,14.6221,21.6043,526.274,2453.065,9274.1357,1.2999,45.6232,546.4685,2447.6954,7876.2448,8.2261,0.03,385.3456,2387.4615,100.0226,37.9596,22.8484
104,46,-0.0007,-0.0004,100.0012,518.5583,666.3921,1710.0656,1481.4476,14.6226,21.6173,526.6979,2461.6601,9247.3807,1.3002,45.6245,547.7647,2455.2814,7831.8832,8.2213,0.03,384.053,2388.4495,100.0038,38.0616,22.8931
104,47,-0.0009,-0.0004,100.0,518.5059,667.009,1708.9118,1480.1777,14.6201,21.6089,524.3764,2462.6943,9288.6487,1.3001,45.5123,548.7467,2463.9712,7854.5498,8.192,0.03,384.9811,2387.715,100.042,37.8298,22.8273
104,48,-0.0009,-0.0004,99.9983,518.6134,667.6687,1715.0919,1491.4632,14.6219,21.5997,527.573,2464.5576,9269.1726,1.3,45.4966,548.3017,2464.0513,7830.1808,8.1921,0.03,382.6597,2388.0697,100.0117,37.8721,22.8447
105,1,-0.0006,-0.0005,100.0008,518.5292,640.9933,1586.6344,1403.6255,14.6228,21.6121,555.5485,2383.8604,9052.4969,1.3,47.5504,521.5398,2386.1815,8147.4245,8.4343,0.03,391.9521,2387.4945,99.95,39.0757,23.4485
105,2,-0.0006,-0.0008,99.9996,518.4399,643.9413,1586.3962,1404.2218,14.6228,21.6061,553.0694,2389.8231,9031.1973,1.3,47.4218,519.8343,2377.4569,8141.9532,8.4098,0.03,392.5357,2388.5604,99.9945,39.0319,23.4427
105,3,-0.0011,-0.0004,100.0006,518.7406,639.7536,1587.7015,1398.4373,14.6203,21.6121,555.9213,2385.9496,9037.9885,1.3003,47.4914,523.0749,2389.6526,8118.7768,8.3963,0.03,392.4913,2388.5677,100.037,39.1217,23.4724
105,4,-0.0009,-0.0006,100.0009,518.7133,642.4551,1591.7071,1402.0519,14.6238,21.6156,554.7831,2392.5657,9056.9617,1.2999,47.5295,520.3748,2393.5194,8117.3236,8.4229,0.03,392.3829,2387.9838,99.9681,39.0852,23.3891
105,5,-0.0004,-0.0004,100.0004,518.5707,641.6504,1589.4358,1403.8414,14.6249,21.6065,555.2763,2378.4148,9026.8491,1.2998,47.3226,520.269,2390.7099,8132.2829,8.4238,0.03,392.1297,2388.3141,99.9986,38.9555,23.4637
105,6,-0.0009,-0.0006,99.9998,518.5753,641.9734,1592.4625,1402.7519,14.6174,21.6079,555.1632,2391.4335,9086.898,1.3003,47.5521,520.5771,2392.6709,8133.7689,8.4073,0.03,392.6313,2388.2392,99.9824,39.1016,23.3819
105,7,-0.0006,-0.0005,99.9998,518.7495,641.2866,1598.0781,1397.0448,14.6183,21.6116,554.4979,2388.8982,9049.3124,1.3001,47.4131,523.5934,2393.3468,8147.5866,8.3994,0.03,391.6202,2387.5197,100.0072,38.9964,23.4399
105,8,-0.001,-0.0001,99.9991,518.6927,643.7625,1590.6498,1404.9362,14.6164,21.6163,553.7331,2386.8724,9046.0202,1.3002,47.3705,521.4829,2388.6228,8112.8584,8.4453,0.03,392.4702,2388.1,99.9803,39.0324,23.4431
105,9,-0.0008,-0.0002,100.001,518.7653,642.2872,1589.6439,1401.2615,14.6206,21.6124,551.1672,2390.0505,9055.4561,1.2999,47.5388,522.8389,2396.3068,8127.0363,8.4293,0.03,392.8063,2387.4784,99.9949,38.9998,23.4263
105,10,-0.0005,-0.0006,100.0001,518.4605,644.87,1592.1007,1403.5968,14.6191,21.615,550.2772,2390.4021,9051.9192,1.2999,47.5697,521.6158,2394.1275,8134.7912,8.4336,0.03,391.1604,2388.5235,100.0085,38.8997,23.3749
105,11,-0.0006,-0.0002,99.9993,518.3677,643.8388,1590.5398,1398.2756,14.6117,21.6135,553.4054,2389.8182,9080.2732,1.3002,47.5483,521.2394,2390.6909,8101.0284,8.4073,0.03,392.1809,2388.0218,100.0125,39.0686,23.4978
105,12,-0.0008,-0.0006,100.0002,518.5868,645.2263,1594.2446,1402.8536,14.6186,21.6131,552.9192,2388.2672,9086.6485,1.2998,47.3867,523.5318,2383.5005,8133.4283,8.3921,0.03,390.8872,2388.3309,100.0221,39.0738,23.405
105,13,-0.0008,-0.0005,100.0015,518.5974,642.1547,1598.0197,1402.7428,14.6172,21.6038,552.3822,2391.3929,9062.3564,1.3002,47.4212,522.8181,2390.8013,8132.1013,8.43,0.03,391.2242,2387.5258,99.9711,39.0511,23.4166
105,14,-0.0005,-0.0004,100.0014,518.6198,644.884,1596.5725,1403.8267,14.6217,21.6118,553.1294,2392.6518,9058.774,1.3006,47.471,523.9446,2392.7575,8138.3001,8.4159,0.03,391.302,2387.9614,99.9366,39.0077,23.3628
105,15,-0.0002,-0.0004,99.9988,518.6648,642.4908,1599.0233,1406.9255,14.6228,21.6066,552.5801,2386.2383,9073.7115,1.3001,47.3926,523.372,2394.6987,8146.0555,8.4009,0.03,390.6344,2387.5853,100.002,39.0694,23.3696
105,16,-0.0008,-0.0005,99.9995,518.7006,642.095,1602.4432,1404.8474,14.6221,21.6045,553.0858,2396.4793,9069.5878,1.2997,47.3556,522.3225,2392.0227,8134.6607,8.4176,0.03,390.6656,2388.3083,100.0004,38.7935,23.4141
105,17,-0.0007,-0.0002,99.9989,518.3405,644.5663,1600.179,1402.5967,14.6171,21.6219,551.8005,2397.2908,9052.5365,1.2995,47.3017,523.4725,2391.8497,8113.933,8.4071,0.03,390.3809,2388.2322,99.961,38.8059,23.4077
105,18,-0.0005,-0.0004,99.9986,518.5966,644.0663,1595.0873,1405.9034,14.6219,21.6162,551.4629,2397.9591,9031.4035,1.3002,47.2271,524.2692,2393.1226,8135.1191,8.3863,0.03,391.093,2387.9244,99.9963,38.8911,23.368
105,19,-0.0007,-0.0004,100.0001,518.7528,645.7916,1597.7575,1411.0672,14.6165,21.6125,552.3974,2385.7801,9069.492,1.2999,47.2164,525.5628,2391.7466,8098.2634,8.4007,0.03,391.1395,2388.5571,100.0106,38.7778,23.3392
105,20,-0.0009,-0.0003,99.9974,518.9344,645.4949,1602.534,1412.6221,14.6269,21.6138,552.5384,2396.1115,9067.0756,1.2999,47.1947,523.6473,2388.9969,8107.8535,8.3693,0.03,391.1587,2388.0702,99.9896,39.1789,23.423
105,21,-0.0011,-0.0004,99.9994,518.5648,643.3049,1604.4235,1408.1004,14.6228,21.6143,552.7798,2392.0103,9080.1118,1.3002,47.2124,523.7752,2403.7284,8110.4297,8.4066,0.03,390.1663,2387.728,99.9975,38.8457,23.354
105,22,-0.0012,-0.0006,100.0007,518.7326,644.741,1600.827,1407.8455,14.6189,21.6128,552.0501,2394.3189,9052.5646,1.3001,47.1631,524.2614,2402.9798,8117.7682,8.3968,0.03,391.2213,2388.5075,99.9925,39.0244,23.41
105,23,-0.0002,-0.0003,100.0006,518.8167,646.0425,1603.5073,1410.1987,14.6207,21.6044,550.6208,2402.5514,9035.758,1.3004,47.3313,524.5495,2399.8693,8101.8762,8.413,0.03,389.8896,2388.2805,99.9959,38.9151,23.3103
105,24,-0.0002,-0.0002,99.9993,518.5316,645.2014,1607.5443,1412.8765,14.6237,21.6134,551.6077,2399.5133,9052.2815,1.2999,47.3085,525.2078,2400.3148,8094.0996,8.3731,0.03,391.1598,2387.6868,99.9953,38.8248,23.3916
105,25,-0.0008,-0.0001,100.0015,518.6616,644.6354,1600.6162,1408.8451,14.616,21.616,550.4088,2400.4651,9039.3031,1.2997,47.2748,525.7981,2397.8611,8105.8892,8.4161,0.03,390.9005,2388.092,100.0478,38.7235,23.3658
105,26,-0.0007,-0.0003,99.9993,518.6649,647.0829,1618.2534,1416.013,14.6175,21.6082,549.5201,2390.694,9075.6055,1.3002,47.0519,526.8353,2401.5596,8082.0964,8.3842,0.03,391.3483,2388.0042,99.9952,38.8826,23.3044
105,27,-0.0013,0.0,100.0002,518.7113,646.3384,1607.1494,1414.0256,14.6153,21.6198,548.3913,2395.0207,9075.7567,1.3003,47.1563,524.699,2405.9,8103.2455,8.3936,0.03,392.5761,2389.0436,99.9863,38.9924,23.3408
105,28,-0.0006,-0.0007,99.9998,518.5857,647.7245,1614.0445,1409.5476,14.6199,21.6148,549.2851,2404.1241,9092.2614,1.3001,47.1108,524.9715,2395.2453,8100.1398,8.3829,0.03,390.2908,2387.8542,100.0209,38.828,23.2544
105,29,-0.0005,-0.0004,100.0,518.8368,646.8876,1612.7325,1412.8837,14.6194,21.6126,547.4947,2402.3066,9089.9584,1.3,47.2163,526.8465,2408.3665,8069.6157,8.3827,0.03,389.7076,2388.4567,100.0465,38.8413,23.3351
105,30,-0.0007,-0.0005,99.9982,518.5968,645.3838,1618.4263,1416.7061,14.619,21.6138,547.6976,2398.4029,9091.6335,1.3003,47.1464,527.0181,2402.3984,8089.448,8.3817,0.03,390.5035,2387.4872,100.0016,38.7934,23.4245
105,31,-0.0007,-0.0007,99.9999,518.7239,649.5825,1612.3501,1413.4529,14.6224,21.604,548.175,2401.5657,9091.4484,1.3002,47.0145,526.7395,2402.6878,8082.4632,8.3779,0.03,391.0489,2388.1875,100.0091,38.6954,23.3019
105,32,-0.0006,-0.0003,99.9993,518.6016,646.9625,1617.166,1421.6531,14.6188,21.6139,548.5081,2402.9455,9091.229,1.3002,47.0907,529.67,2399.4286,8085.5076,8.3651,0.03,390.2976,2388.0656,100.0584,38.7924,23.2406
105,33,-0.0006,-0.0008,99.9999,518.6717,648.991,1619.8126,1418.232,14.6196,21.6067,546.8284,2405.7742,9074.3946,1.2999,46.9452,528.1439,2412.8575,8052.8862,8.3406,0.03,390.2358,2388.1044,99.9911,38.7788,23.3045
105,34,-0.0004,-0.0008,99.9996,518.6922,647.0665,1623.4974,1418.7623,14.6199,21.6124,547.1268,2396.2415,9092.1023,1.3003,46.9874,526.9665,2409.4417,8065.6391,8.361,0.03,390.7438,2389.1375,100.0165,38.8725,23.2574
105,35,-0.001,-0.0004,100.0001,518.5581,648.2994,1620.5586,1422.465,14.6215,21.6113,546.919,2403.3851,9080.6236,1.3005,47.0,527.8985,2401.3633,8115.7119,8.3492,0.03,390.3803,2388.2867,100.0192,38.9104,23.2984
105,36,-0.001,-0.0005,100.0003,518.8845,647.0127,1624.4275,1422.8863,14.6224,21.6096,546.2414,2410.2159,9116.65,1.3003,46.9766,527.795,2399.1445,8078.123,8.3721,0.03,389.5456,2387.7771,99.9703,38.6924,23.2151
105,37,-0.0008,-0.0005,99.9984,518.8798,650.7039,1619.4611,1424.0856,14.6212,21.6151,545.9577,2412.6472,9097.427,1.2997,47.0253,530.0592,2419.7508,8042.0709,8.3744,0.03,390.4943,2387.2977,99.9747,38.6825,23.2654
105,38,-0.0009,-0.0003,100.001,518.7322,651.4656,1624.6125,1420.867,14.624,21.6074,547.5603,2415.7602,9118.168,1.2996,46.8479,530.3885,2407.3958,8059.6629,8.373,0.03,390.0098,2387.9003,99.9937,38.7969,23.281
105,39,-0.0008,-0.0002,99.9999,518.5817,648.7072,1621.5495,1424.479,14.6236,21.6065,546.4412,2405.9312,9107.7962,1.2996,46.8923,529.1063,2411.6078,8058.7267,8.3376,0.03,389.8659,2388.0948,99.9998,38.6759,23.2585
105,40,-0.0006,-0.0007,99.9995,518.6436,650.3102,1629.8444,1424.0593,14.6185,21.6078,545.0206,2408.2442,9129.0864,1.2997,46.9317,527.8366,2407.181,8046.4104,8.3835,0.03,387.8839,2387.0453,100.0007,38.7507,23.2591
105,41,-0.0006,-0.0002,99.9995,518.7628,648.1883,1624.5802,1422.151,14.6192,21.6098,545.7087,2411.0434,9101.0279,1.3,46.7265,531.3424,2409.2573,8040.4543,8.3796,0.03,388.6347,2387.4764,99.9986,38.7226,23.2692
105,42,0.0001,-0.0008,100.0006,518.6122,649.8381,1626.9117,1425.6714,14.6249,21.6136,545.2767,2418.0565,9093.1468,1.2997,46.6392,529.502,2412.3358,8046.6824,8.3528,0.03,390.0532,2388.1144,100.0147,38.527,23.2422
